{
  "board_size": [
    5,
    5
  ],
  "white_cells_count": 19,
  "black_cells_count": 6,
  "algorithms": {
    "hill_climbing": {
      "execution_time": 0.39043188095092773,
      "solution_score": 5,
      "solution_metrics": {
        "score": 5,
        "conflict_count": 0,
        "constraint_violation_count": 1,
        "unilluminated_count": 0,
        "is_valid": false,
        "bulb_count": 7
      },
      "stats": {
        "algorithm": "hill_climbing",
        "variant": "deterministic",
        "iterations": 555,
        "restarts": 5,
        "plateau_iterations": 527,
        "total_neighbors_generated": 5550,
        "execution_time": 0.3904073238372803,
        "convergence_curve": [
          40,
          35,
          25,
          15,
          16,
          15,
          15,
          15,
          16,
          25,
          15,
          15,
          15,
          15,
          15,
          15,
          15,
          25,
          15,
          16,
          16,
          15,
          16,
          15,
          15,
          15,
          16,
          15,
          15,
          15,
          16,
          15,
          15,
          16,
          16,
          15,
          15,
          15,
          15,
          15,
          15,
          20,
          16,
          15,
          15,
          15,
          16,
          20,
          16,
          15,
          15,
          15,
          15,
          15,
          15,
          15,
          15,
          15,
          16,
          15,
          15,
          15,
          15,
          20,
          16,
          16,
          16,
          15,
          15,
          16,
          16,
          16,
          16,
          16,
          15,
          15,
          16,
          15,
          15,
          15,
          15,
          16,
          16,
          15,
          15,
          15,
          15,
          16,
          15,
          15,
          20,
          16,
          20,
          15,
          20,
          15,
          16,
          16,
          15,
          15,
          15,
          16,
          16,
          16,
          25,
          20,
          17,
          17,
          16,
          15,
          16,
          10,
          11,
          6,
          6,
          7,
          7,
          5,
          10,
          6,
          6,
          6,
          6,
          6,
          6,
          6,
          6,
          6,
          6,
          6,
          6,
          6,
          6,
          6,
          6,
          6,
          6,
          6,
          6,
          10,
          6,
          6,
          6,
          6,
          6,
          6,
          6,
          6,
          10,
          6,
          6,
          6,
          6,
          6,
          6,
          6,
          6,
          6,
          6,
          6,
          6,
          6,
          6,
          6,
          6,
          6,
          10,
          6,
          6,
          6,
          6,
          6,
          6,
          6,
          6,
          6,
          6,
          6,
          6,
          6,
          6,
          6,
          6,
          6,
          6,
          6,
          6,
          6,
          6,
          6,
          6,
          6,
          6,
          6,
          10,
          6,
          6,
          6,
          6,
          6,
          6,
          6,
          6,
          6,
          6,
          6,
          6,
          6,
          6,
          6,
          6,
          6,
          6,
          6,
          6,
          12,
          6,
          6,
          31,
          31,
          30,
          30,
          30,
          25,
          25,
          25,
          25,
          25,
          21,
          11,
          13,
          11,
          11,
          11,
          19,
          11,
          16,
          11,
          10,
          20,
          11,
          11,
          10,
          15,
          11,
          11,
          11,
          10,
          11,
          20,
          11,
          11,
          11,
          11,
          17,
          11,
          11,
          11,
          10,
          11,
          10,
          10,
          10,
          10,
          10,
          11,
          10,
          11,
          11,
          10,
          10,
          11,
          11,
          11,
          11,
          10,
          10,
          10,
          17,
          10,
          11,
          11,
          10,
          11,
          11,
          10,
          10,
          11,
          11,
          10,
          11,
          10,
          11,
          11,
          11,
          11,
          11,
          10,
          10,
          11,
          16,
          11,
          10,
          16,
          11,
          10,
          10,
          11,
          10,
          11,
          11,
          20,
          10,
          10,
          10,
          10,
          11,
          10,
          10,
          10,
          10,
          11,
          10,
          11,
          10,
          10,
          11,
          11,
          11,
          11,
          10,
          10,
          17,
          10,
          11,
          10,
          10,
          16,
          10,
          30,
          15,
          11,
          11,
          11,
          12,
          10,
          10,
          11,
          11,
          10,
          10,
          20,
          11,
          11,
          11,
          17,
          15,
          11,
          11,
          10,
          10,
          10,
          10,
          10,
          11,
          10,
          11,
          10,
          10,
          11,
          10,
          10,
          10,
          15,
          11,
          10,
          11,
          10,
          11,
          10,
          10,
          11,
          10,
          10,
          10,
          10,
          10,
          10,
          11,
          15,
          10,
          11,
          10,
          10,
          10,
          15,
          11,
          10,
          10,
          10,
          11,
          11,
          10,
          10,
          17,
          10,
          17,
          10,
          10,
          10,
          11,
          11,
          10,
          10,
          10,
          10,
          11,
          10,
          10,
          11,
          11,
          10,
          10,
          11,
          10,
          11,
          11,
          10,
          10,
          11,
          11,
          10,
          10,
          11,
          10,
          15,
          11,
          10,
          10,
          11,
          10,
          10,
          10,
          10,
          11,
          10,
          38,
          28,
          18,
          11,
          7,
          6,
          8,
          6,
          5,
          6,
          6,
          6,
          6,
          6,
          6,
          6,
          6,
          8,
          6,
          6,
          6,
          6,
          6,
          6,
          6,
          6,
          6,
          6,
          6,
          6,
          6,
          6,
          6,
          6,
          8,
          6,
          6,
          6,
          6,
          6,
          6,
          6,
          6,
          6,
          6,
          12,
          6,
          6,
          6,
          6,
          6,
          6,
          6,
          6,
          6,
          6,
          6,
          6,
          6,
          6,
          6,
          6,
          6,
          6,
          6,
          6,
          6,
          8,
          8,
          6,
          6,
          6,
          6,
          6,
          6,
          8,
          6,
          6,
          6,
          6,
          6,
          6,
          6,
          6,
          6,
          6,
          6,
